,common_name,family,categories,origin,climate,zone,img_url
0,  Janet Craig  ,Liliaceae,Dracaena,  Cultivar  ,Tropical,"[11,10]",http://www.tropicopia.com/house-plant/thumbnails/5556.jpg
1,  Lady palm  ,Arecaceae,Palm,  China  ,Subtropical,"[11, 9]",http://www.tropicopia.com/house-plant/thumbnails/5725.jpg
2,"  Tailflower ,  Wax flower  ",Araceae,Anthurium,  Cultivar  ,Tropical,[11],http://www.tropicopia.com/house-plant/thumbnails/5491.jpg
3,  Elephant ear  ,Araceae,Other,  Hybrid  ,Tropical humid,[11],http://www.tropicopia.com/house-plant/thumbnails/5486.jpg
4,  Malaysian Dracaena  ,Liliaceae,Dracaena,  Cultivar  ,Tropical,"[11,10]",http://www.tropicopia.com/house-plant/thumbnails/5586.jpg
5,  Chinese Evergreen  ,Araceae,Aglaonema,  Hybrid  ,Tropical,[11],http://www.tropicopia.com/house-plant/thumbnails/5466.jpg
6,  Malaysian Dracaena  ,Liliaceae,Dracaena,  Cultivar  ,Tropical,"[11,10]",http://www.tropicopia.com/house-plant/thumbnails/5585.jpg
7,"  Herringbone ,  Pink praying plant  ",Marantaceae,Hanging,  Brazil  ,Tropical,"[11,10]",http://www.tropicopia.com/house-plant/thumbnails/5657.jpg
8,  Guzmania  ,Bromeliaceae,Bromeliad,  Cultivar  ,Tropical,"[11,10]",http://www.tropicopia.com/house-plant/thumbnails/5632.jpg
9,  Chinese Evergreen  ,Araceae,Aglaonema,  Hybrid  ,Tropical,[11],http://www.tropicopia.com/house-plant/thumbnails/5480.jpg
10,  Peace lily  ,Araceae,Spathiphyllum,  Cultivar  ,Tropical,"[11,10]",http://www.tropicopia.com/house-plant/thumbnails/5758.jpg
11,  Chinese Evergreen  ,Araceae,Aglaonema,  Hybrid  ,Tropical,[11],http://www.tropicopia.com/house-plant/thumbnails/5477.jpg
12,"  Oleander ,  Rose bay  ",Apocynaceae,Flower,  Mediterranean  ,Subtropical,"[11, 7]",http://www.tropicopia.com/house-plant/thumbnails/5669.jpg
13,"  African evergreen ,  Arrowhead vine ,  Goosefoot plant  ",Araceae,Hanging,  Cultivar  ,Tropical humid,"[11,10]",http://www.tropicopia.com/house-plant/thumbnails/5774.jpg
14,"  Bird nest Anthurium ,  Cabbage Anthurium  ",Araceae,Anthurium,  Guyana  ,Tropical humid,[11],http://www.tropicopia.com/house-plant/thumbnails/5489.jpg
15,"  Bella palm ,  Neanthebella palm ,  Dwarf palm  ",Arecaceae,Palm,  Mexico  ,Tropical,"[11,11]",http://www.tropicopia.com/house-plant/thumbnails/5518.jpg
16,"  Fabian Aralia ,  Red Aralia  ",Araliaceae,Aralia,  Asia  ,Tropical,"[11,10]",http://www.tropicopia.com/house-plant/thumbnails/5714.jpg
17,  Chinese Evergreen  ,Araceae,Aglaonema,  Hybrid  ,Tropical,[11],http://www.tropicopia.com/house-plant/thumbnails/5452.jpg
18,  Weeping fig  ,Moraceae,Ficus,  Cultivar  ,Tropical,"[11,10]",http://www.tropicopia.com/house-plant/thumbnails/5612.jpg
19,"  Bird nest Anthurium ,  Cabbage Anthurium  ",Araceae,Anthurium,  Guyana  ,Tropical humid,[11],http://www.tropicopia.com/house-plant/thumbnails/5490.jpg
20,None,Bromeliaceae,Bromeliad,  Venezuela  ,Tropical,"[11,10]",http://www.tropicopia.com/house-plant/thumbnails/5782.jpg
21,  Fish tail palm  ,Palmae,Palm,  India  ,Tropical,"[11,10]",http://www.tropicopia.com/house-plant/thumbnails/5511.jpg
22,  Bamboo palm  ,Arecaceae,Palm,  Honduras  ,Tropical,"[11,10]",http://www.tropicopia.com/house-plant/thumbnails/5521.jpg
23,  Elephant ear  ,Araceae,Other,  Hybrid  ,Tropical humid,[11],http://www.tropicopia.com/house-plant/thumbnails/5488.jpg
24,  Snake plant  ,Liliaceae,Sansevieria,  South Africa  ,Tropical,"[11,10]",http://www.tropicopia.com/house-plant/thumbnails/5735.jpg
25,  Malaysian Dracaena  ,Liliaceae,Dracaena,  Madagascar  ,Tropical,"[11,10]",http://www.tropicopia.com/house-plant/thumbnails/5579.jpg
26,"  Variegated Balfour aralia ,  Aralia Balfouriana  ",Araliaceae,Aralia,  Cultivar  ,Tropical,"[11,10]",http://www.tropicopia.com/house-plant/thumbnails/5710.jpg
27,  Yellow Malaysian Dracaena  ,Liliaceae,Dracaena,  India  ,Tropical,"[11,10]",http://www.tropicopia.com/house-plant/thumbnails/5581.jpg
28,  Chinese Evergreen  ,Araceae,Aglaonema,  Hybrid  ,Tropical,[11],http://www.tropicopia.com/house-plant/thumbnails/5462.jpg
29,None,Araceae,Foliage plant,  Cultivar  ,Tropical,"[11,10]",http://www.tropicopia.com/house-plant/thumbnails/5646.jpg
30,  Striped Dracaena  ,Liliaceae,Dracaena,  Africa  ,Tropical,"[11,10]",http://www.tropicopia.com/house-plant/thumbnails/5563.jpg
31,  Stiped calathea  ,Marantaceae,Foliage plant,  Cultivar  ,Tropical,[11],http://www.tropicopia.com/house-plant/thumbnails/5504.jpg
32,  Rose grape  ,Melastomataceae,Flower,  Philippines  ,Tropical,"[11,10]",http://www.tropicopia.com/house-plant/thumbnails/5660.jpg
33,  Dumcane  ,Araceae,Dieffenbachia,  Cultivar  ,Tropical,"[11,10]",http://www.tropicopia.com/house-plant/thumbnails/5544.jpg
34,  Willow Ficus  ,Moraceae,Ficus,  Cultivar  ,Tropical,"[11,10]",http://www.tropicopia.com/house-plant/thumbnails/5623.jpg
35,  Janet Craig  ,Liliaceae,Dracaena,  Cultivar  ,Tropical,"[11,10]",http://www.tropicopia.com/house-plant/thumbnails/5554.jpg
36,"  Parlor ivy ,  Sweetheart plant ,  Heartleaf philodendron ,  Cordatum vine  ",Araceae,Philodendron,  Central America  ,Tropical,"[11,10]",http://www.tropicopia.com/house-plant/thumbnails/5691.jpg
37,  Chinese Evergreen  ,Araceae,Aglaonema,  Hybrid  ,Tropical,[11],http://www.tropicopia.com/house-plant/thumbnails/5449.jpg
38,  Elephant ear  ,Araceae,Other,  Cultivar  ,Tropical humid,[11],http://www.tropicopia.com/house-plant/thumbnails/5485.jpg
39,  False aralia  ,Araliaceae,Aralia,  New Calidonia  ,Tropical,"[11,10]",http://www.tropicopia.com/house-plant/thumbnails/5752.jpg
40,"  Bella palm ,  Neanthebella palm ,  Dwarf palm ,  Parlor palm  ",Arecaceae,Palm,  Mexico  ,Tropical,"[11,10]",http://www.tropicopia.com/house-plant/thumbnails/5519.jpg
41,"  Bamboo palm ,  Reed Palm  ",Arecaceae,Palm,  Mexico  ,Tropical,"[11,10]",http://www.tropicopia.com/house-plant/thumbnails/5525.jpg
42,  Dumcane  ,Araceae,Dieffenbachia,  Hybrid  ,Tropical,"[11,10]",http://www.tropicopia.com/house-plant/thumbnails/5550.jpg
43,None,Apocynaceae,Flower,  Hybrid  ,Tropical,"[11,9]",http://www.tropicopia.com/house-plant/thumbnails/5656.jpg
44,"  African evergreen ,  Arrowhead vine ,  Goosefoot plant  ",Araceae,Hanging,  Cultivar  ,Tropical humid,"[11,10]",http://www.tropicopia.com/house-plant/thumbnails/5773.jpg
45,"  Christ-thorn ,  Crown of thorns  ",Euphorbiaceae,Cactus & Succulent,  Madagascar  ,Arid Tropical,"[11,10]",http://www.tropicopia.com/house-plant/thumbnails/5602.jpg
46,  Chinese Evergreen  ,Araceae,Aglaonema,  Hybrid  ,Tropical,[11],http://www.tropicopia.com/house-plant/thumbnails/5481.jpg
47,"  Spineless yucca ,  Palm lily  ",Liliaceae,Dracaena,  Mexico  ,Subtropical,"[11, 9]",http://www.tropicopia.com/house-plant/thumbnails/5788.jpg
48,  Giant Candelabra tree  ,Euphorbiaceae,Cactus & Succulent,  South Africa  ,Arid Tropical,"[11,10]",http://www.tropicopia.com/house-plant/thumbnails/5601.jpg
49,  English ivy  ,Araliaceae,Hanging,  Cultivar  ,Subtropical,"[11, 8]",http://www.tropicopia.com/house-plant/thumbnails/5639.jpg
50,  Chinese Evergreen  ,Araceae,Aglaonema,  Hybrid  ,Tropical,[11],http://www.tropicopia.com/house-plant/thumbnails/5456.jpg
51,"  Areca palm ,  Butterfly palm  ",Arecaceae,Palm,  Madagascar  ,Tropical,"[11,10]",http://www.tropicopia.com/house-plant/thumbnails/5587.jpg
52,  Chinese hibiscus  ,Malvaceae,Flower,  Asia  ,Tropical,"[11,12]",http://www.tropicopia.com/house-plant/thumbnails/5645.jpg
53,"  Hawaiian elf ,  Parasol plant  ",Araliaceae,Schefflera,  Taiwan  ,Tropical,"[11,10]",http://www.tropicopia.com/house-plant/thumbnails/5742.jpg
54,  Rubber plant  ,Moraceae,Ficus,  Cultivar  ,Tropical,"[11,10]",http://www.tropicopia.com/house-plant/thumbnails/5620.jpg
55,None,Bromeliaceae,Bromeliad,  Cultivar  ,Tropical,"[11,10]",http://www.tropicopia.com/house-plant/thumbnails/5779.jpg
56,"  Hawaiian elf ,  Parasol plant  ",Araliaceae,Schefflera,  Cultivar  ,Tropical,"[11,10]",http://www.tropicopia.com/house-plant/thumbnails/5747.jpg
57,  Madagascar Palm  ,Apocynaceae,Cactus & Succulent,  Madagascar  ,Arid Tropical,"[11, 9]",http://www.tropicopia.com/house-plant/thumbnails/5674.jpg
58,"  Cape mahogany ,  Christmas bells  ",Miliaceae,Other,  Zimbabwe  ,Tropical humid,"[11,10]",http://www.tropicopia.com/house-plant/thumbnails/5777.jpg
59,  Golden Pothos  ,Araceae,Topiairy,  South Pacific  ,Tropical,"[11,10]",http://www.tropicopia.com/house-plant/thumbnails/5592.jpg
60,None,Araceae,Philodendron,  Cultivar  ,Tropical,"[11,10]",http://www.tropicopia.com/house-plant/thumbnails/5694.jpg
61,  Weeping fig  ,Moraceae,Ficus,  Cultivar  ,Tropical,"[11,9]",http://www.tropicopia.com/house-plant/thumbnails/5604.jpg
62,None,Araceae,Philodendron,  Cultivar  ,Tropical,"[11,10]",http://www.tropicopia.com/house-plant/thumbnails/5696.jpg
63,  Madagascar dragon tree  ,Liliaceae,Dracaena,  Madagascar  ,Tropical,"[11,10]",http://www.tropicopia.com/house-plant/thumbnails/5572.jpg
64,"  Algerian ivy ,  Montgomery ivy  ",Araliaceae,Hanging,  Canaries  ,Subtropical,"[11, 8]",http://www.tropicopia.com/house-plant/thumbnails/5634.jpg
65,  Chinese Evergreen  ,Araceae,Aglaonema,  Hybrid  ,Tropical,[11],http://www.tropicopia.com/house-plant/thumbnails/5473.jpg
66,  Umbella plant  ,Araliaceae,Schefflera,  Cultivar  ,Tropical,"[11,10]",http://www.tropicopia.com/house-plant/thumbnails/5741.jpg
67,  Malaysian Dracaena  ,Liliaceae,Dracaena,  Madagascar  ,Tropical,"[11,10]",http://www.tropicopia.com/house-plant/thumbnails/5578.jpg
68,  Madagascar dragon tree  ,Liliaceae,Dracaena,  Madagascar  ,Tropical,"[11,10]",http://www.tropicopia.com/house-plant/thumbnails/5575.jpg
69,  Chinese Evergreen  ,Araceae,Aglaonema,  Hybrid  ,Tropical,[11],http://www.tropicopia.com/house-plant/thumbnails/5479.jpg
70,  Fernleaf Philodendron  ,Araceae,Philodendron,  Venezuela  ,Tropical,"[11,10]",http://www.tropicopia.com/house-plant/thumbnails/5686.jpg
71,"  Tailflower ,  Wax flower  ",Araceae,Anthurium,  Cultivar  ,Tropical,[11],http://www.tropicopia.com/house-plant/thumbnails/5492.jpg
72,  Zz plant  ,Araceae,Foliage plant,  South Africa  ,Tropical,"[11,10]",http://www.tropicopia.com/house-plant/thumbnails/5789.jpg
73,"  Variegated Balfour aralia ,  Aralia Balfouriana  ",Araliaceae,Aralia,  Cultivar  ,Tropical,"[11,10]",http://www.tropicopia.com/house-plant/thumbnails/5709.jpg
74,  Chinese Evergreen  ,Araceae,Aglaonema,  Hybrid  ,Tropical,[11],http://www.tropicopia.com/house-plant/thumbnails/5475.jpg
75,"  Maindenhair ,  Delta maidenhair  ",Polypodiaceae,Fern,  Brazil  ,Tropical,"[10, 8]",http://www.tropicopia.com/house-plant/thumbnails/5437.jpg
76,"  Hawaiian elf ,  Parasol plant  ",Araliaceae,Schefflera,  Cultivar  ,Tropical,"[11,10]",http://www.tropicopia.com/house-plant/thumbnails/5749.jpg
77,  Madagascar dragon tree  ,Liliaceae,Dracaena,  Madagascar  ,Tropical,"[11,10]",http://www.tropicopia.com/house-plant/thumbnails/5576.jpg
78,"  Baby rubber plant ,  Pepper face  ",Piperaceae,Other,  Venezuela  ,Tropical,"[11,11]",http://www.tropicopia.com/house-plant/thumbnails/5679.jpg
79,  Cornstalk plant  ,Liliaceae,Dracaena,  Cultivar  ,Tropical,"[11,10]",http://www.tropicopia.com/house-plant/thumbnails/5565.jpg
80,  White bird of paradise  ,Strelitziaceae,Foliage plant,  South Africa  ,Subtropical,"[11, 9]",http://www.tropicopia.com/house-plant/thumbnails/5769.jpg
81,  Burro-tail  ,Crasssulaceae,Hanging,  Mexico  ,Arid Tropical,"[11, 9]",http://www.tropicopia.com/house-plant/thumbnails/5756.jpg
82,  Chinese Evergreen  ,Araceae,Aglaonema,  Hybrid  ,Tropical,[11],http://www.tropicopia.com/house-plant/thumbnails/5450.jpg
83,  Chinese Evergreen  ,Araceae,Aglaonema,  Hybrid  ,Tropical,[11],http://www.tropicopia.com/house-plant/thumbnails/5478.jpg
84,  Chinese Evergreen  ,Araceae,Aglaonema,  Hybrid  ,Tropical,[11],http://www.tropicopia.com/house-plant/thumbnails/5468.jpg
85,  Cornstalk plant  ,Liliaceae,Dracaena,  Cultivar  ,Tropical,"[11,10]",http://www.tropicopia.com/house-plant/thumbnails/5566.jpg
86,  Chicken gizard aralia  ,Araliaceae,Aralia,  Malaysia  ,Tropical,"[11,10]",http://www.tropicopia.com/house-plant/thumbnails/5701.jpg
87,  White bird of paradise  ,Strelitziaceae,Foliage plant,  South Africa  ,Subtropical,"[11, 9]",http://www.tropicopia.com/house-plant/thumbnails/5768.jpg
88,None,Bromeliaceae,Bromeliad,  Cultivar  ,Tropical,"[11,10]",http://www.tropicopia.com/house-plant/thumbnails/5781.jpg
89,"  Variegated Balfour aralia ,  Aralia Balfouriana  ",Araliaceae,Aralia,  Cultivar  ,Tropical,"[11,10]",http://www.tropicopia.com/house-plant/thumbnails/5711.jpg
90,  Dumcane  ,Araceae,Dieffenbachia,  Hybrid  ,Tropical,"[11,10]",http://www.tropicopia.com/house-plant/thumbnails/5549.jpg
91,  Silver Calathea  ,Marantaceae,Foliage plant,  Cultivar  ,Tropical,[11],http://www.tropicopia.com/house-plant/thumbnails/5505.jpg
92," ""Snake s beard"" ",Liliaceae,Grass,  Japan  ,Subtropical,"[10, 7]",http://www.tropicopia.com/house-plant/thumbnails/5673.jpg
93,  Burro-tail  ,Crasssulaceae,Hanging,  Mexico  ,Arid Tropical,"[11, 9]",http://www.tropicopia.com/house-plant/thumbnails/5757.jpg
94,  Lacy tree-philodendron  ,Araceae,Philodendron,  Brazil  ,Tropical,"[11,10]",http://www.tropicopia.com/house-plant/thumbnails/5693.jpg
95,"  English ivy ,  Variegated english ivy  ",Araliaceae,Hanging,  Cultivar  ,Subtropical,"[11, 8]",http://www.tropicopia.com/house-plant/thumbnails/5641.jpg
96,"  Elephant foot ,  Pony tail  ",Agavaceae,Foliage plant,  Mexico  ,Arid Tropical,"[11,10]",http://www.tropicopia.com/house-plant/thumbnails/5670.jpg
97,  Guzmania  ,Bromeliaceae,Bromeliad,  Cultivar  ,Tropical,"[11,10]",http://www.tropicopia.com/house-plant/thumbnails/5628.jpg
98,"  Kentia palm ,  Paradise palm  ",Arecaceae,Palm,  South Pacific  ,Tropical,"[11,10]",http://www.tropicopia.com/house-plant/thumbnails/5650.jpg
99,  Cast iron plant  ,Liliaceae,Foliage plant,  China  ,Subtropical,"[11, 7]",http://www.tropicopia.com/house-plant/thumbnails/5496.jpg
100,"  Parlor ivy ,  Sweetheart plant ,  Heartleaf philodendron ,  Cordatum vine  ",Araceae,Philodendron,  Central America  ,Tropical,"[11,10]",http://www.tropicopia.com/house-plant/thumbnails/5690.jpg
101,  Weeping fig  ,Moraceae,Ficus,  Cultivar  ,Tropical,"[11,10]",http://www.tropicopia.com/house-plant/thumbnails/5606.jpg
102,None,Araceae,Philodendron,  Cultivar  ,Tropical,"[11,10]",http://www.tropicopia.com/house-plant/thumbnails/5682.jpg
103,"  Birdnest sansevieria ,  Snake plant  ",Liliaceae,Sansevieria,  Cultivar  ,Tropical,"[11,10]",http://www.tropicopia.com/house-plant/thumbnails/5731.jpg
104,"  Boston fern ,  Sword fern  ",Nephrolepidaceae,Fern,  Cultivar  ,Tropical,"[11,10]",http://www.tropicopia.com/house-plant/thumbnails/5668.jpg
105,  Dumcane  ,Araceae,Dieffenbachia,  Hybrid  ,Tropical,"[11,10]",http://www.tropicopia.com/house-plant/thumbnails/5546.jpg
106,"  Kentia palm ,  Paradise palm  ",Arecaceae,Palm,  South Pacific  ,Tropical,"[11,10]",http://www.tropicopia.com/house-plant/thumbnails/5648.jpg
107,  Fish tail palm  ,Palmae,Palm,  India  ,Tropical,"[11,10]",http://www.tropicopia.com/house-plant/thumbnails/5512.jpg
108,  Striped Dracaena  ,Liliaceae,Dracaena,  Cultivar  ,Tropical,"[11,10]",http://www.tropicopia.com/house-plant/thumbnails/5553.jpg
109,  Madagascar Palm  ,Apocynaceae,Cactus & Succulent,  Madagascar  ,Arid Tropical,"[11, 9]",http://www.tropicopia.com/house-plant/thumbnails/5675.jpg
110,  Croton  ,Euphorbiaceae,Foliage plant,  Cultivar  ,Tropical,"[11,10]",http://www.tropicopia.com/house-plant/thumbnails/5530.jpg
111,  Peace lily  ,Liliaceae,Spathiphyllum,  Cultivar  ,Tropical,"[11,12]",http://www.tropicopia.com/house-plant/thumbnails/5766.jpg
112,  Umbella plant  ,Araliaceae,Schefflera,  Cultivar  ,Tropical,"[11,10]",http://www.tropicopia.com/house-plant/thumbnails/5737.jpg
113,  Grape Ivy  ,Vitaceae,Hanging,  Cultivar  ,Subtropical,"[11, 9]",http://www.tropicopia.com/house-plant/thumbnails/5529.jpg
114,  Chinese Evergreen  ,Araceae,Aglaonema,  Hybrid  ,Tropical,[11],http://www.tropicopia.com/house-plant/thumbnails/5453.jpg
115,"  Miniature fishtail ,  Steel palm  ",Arecaceae,Palm,  Mexico  ,Tropical,"[11,10]",http://www.tropicopia.com/house-plant/thumbnails/5523.jpg
116,  Silver Lace Fern  ,Pteridaceae,Fern,  Asia  ,Tropical humid,"[10,9]",http://www.tropicopia.com/house-plant/thumbnails/5720.jpg
117,  Rubber plant  ,Moraceae,Ficus,  Cultivar  ,Tropical,"[11,10]",http://www.tropicopia.com/house-plant/thumbnails/5615.jpg
118,  Wax plant  ,Asclepiadaceae,Hanging,  Cultivar  ,Tropical,"[11,10]",http://www.tropicopia.com/house-plant/thumbnails/5651.jpg
119,"  Tailflower ,  Wax flower  ",Araceae,Anthurium,  Cultivar  ,Tropical,[11],http://www.tropicopia.com/house-plant/thumbnails/5493.jpg
120,"  Balfour aralia ,  Aralia Balfouriana  ",Araliaceae,Aralia,  Cultivar  ,Tropical,"[11,14]",http://www.tropicopia.com/house-plant/thumbnails/5708.jpg
121,  Croton  ,Euphorbiaceae,Foliage plant,  Cultivar  ,Tropical,"[11,10]",http://www.tropicopia.com/house-plant/thumbnails/5532.jpg
122,  Bronze Anthurium  ,Araceae,Anthurium,  Ecuador  ,Tropical,[12],http://www.tropicopia.com/house-plant/thumbnails/5495.jpg
123,  Rubber plant  ,Moraceae,Ficus,  Cultivar  ,Tropical,"[11,10]",http://www.tropicopia.com/house-plant/thumbnails/5616.jpg
124,  Madagascar dragon tree  ,Liliaceae,Dracaena,  Cultivar  ,Tropical,"[11,10]",http://www.tropicopia.com/house-plant/thumbnails/5577.jpg
125,  Chinese Evergreen  ,Araceae,Aglaonema,  Hybrid  ,Tropical,[11],http://www.tropicopia.com/house-plant/thumbnails/5455.jpg
126,  Jade Plant  ,Crasssulaceae,Cactus & Succulent,  South Africa  ,Subtropical arid,"[11, 8]",http://www.tropicopia.com/house-plant/thumbnails/5536.jpg
127,  Weeping fig  ,Moraceae,Ficus,  Cultivar  ,Tropical,"[11,10]",http://www.tropicopia.com/house-plant/thumbnails/5610.jpg
128,"  Kentia palm ,  Paradise palm  ",Arecaceae,Palm,  South Pacific  ,Tropical,"[11,10]",http://www.tropicopia.com/house-plant/thumbnails/5649.jpg
129,  Chinese Evergreen  ,Araceae,Aglaonema,  Hybrid  ,Tropical,[11],http://www.tropicopia.com/house-plant/thumbnails/5454.jpg
130,  Chinese hibiscus  ,Malvaceae,Flower,  Asia  ,Tropical,"[11,10]",http://www.tropicopia.com/house-plant/thumbnails/5643.jpg
131,  Lady palm  ,Arecaceae,Palm,  China  ,Subtropical,"[11, 9]",http://www.tropicopia.com/house-plant/thumbnails/5724.jpg
132,"  African evergreen ,  Arrowhead vine ,  Goosefoot plant  ",Araceae,Hanging,  Cultivar  ,Tropical humid,"[11,10]",http://www.tropicopia.com/house-plant/thumbnails/5772.jpg
133,"  Dragon-tree Agave ,  Century plant  ",Amaryllidaceae,Cactus & Succulent,  Mexico  ,Arid Tropical,"[10, 8]",http://www.tropicopia.com/house-plant/thumbnails/5443.jpg
134,"  Cast iron plant ,  Aspidistra Milky Way  ",Liliaceae,Foliage plant,  Japan  ,Subtropical,"[11, 7]",http://www.tropicopia.com/house-plant/thumbnails/5498.jpg
135,  Pink quill  ,Bromeliaceae,Bromeliad,  Ecuador  ,Tropical humid,"[11,10]",http://www.tropicopia.com/house-plant/thumbnails/5776.jpg
136,  Madagascar dragon tree  ,Liliaceae,Dracaena,  Madagascar  ,Tropical,"[11,10]",http://www.tropicopia.com/house-plant/thumbnails/5573.jpg
137,"  Ming Aralia ,  Parsley panax  ",Araliaceae,Aralia,  Malaysia  ,Tropical,"[11,10]",http://www.tropicopia.com/house-plant/thumbnails/5706.jpg
138,  Madagascar dragon tree  ,Liliaceae,Dracaena,  Madagascar  ,Tropical,"[11,10]",http://www.tropicopia.com/house-plant/thumbnails/5574.jpg
139,  False aralia  ,Araliaceae,Aralia,  New Calidonia  ,Tropical,"[11,10]",http://www.tropicopia.com/house-plant/thumbnails/5753.jpg
140,  Chinese Evergreen  ,Araceae,Aglaonema,  Hybrid  ,Tropical,[11],http://www.tropicopia.com/house-plant/thumbnails/5458.jpg
141,  English ivy  ,Araliaceae,Hanging,  Cultivar  ,Subtropical,"[11, 8]",http://www.tropicopia.com/house-plant/thumbnails/5640.jpg
142,  Guzmania  ,Bromeliaceae,Bromeliad,  Cultivar  ,Tropical,"[11,10]",http://www.tropicopia.com/house-plant/thumbnails/5630.jpg
143,"  Korean rock fern ,  Tsu-sima holly fern  ",Dryopteridaceae,Fern,  Korea  ,Subtropical,"[10, 7]",http://www.tropicopia.com/house-plant/thumbnails/5717.jpg
144,  Chinese Evergreen  ,Araceae,Aglaonema,  Hybrid  ,Tropical,[11],http://www.tropicopia.com/house-plant/thumbnails/5482.jpg
145,  Weeping fig  ,Moraceae,Ficus,  Cultivar  ,Tropical,"[11,10]",http://www.tropicopia.com/house-plant/thumbnails/5609.jpg
146,  Weeping fig  ,Moraceae,Ficus,  Cultivar  ,Tropical,"[11,10]",http://www.tropicopia.com/house-plant/thumbnails/5607.jpg
147,  Snake plant  ,Liliaceae,Sansevieria,  Cultivar  ,Tropical,"[11,10]",http://www.tropicopia.com/house-plant/thumbnails/5736.jpg
148,"  Picta Philodendron ,  Satin pothos , ""Devil s ivy"" ",Araceae,Hanging,  Indonisia  ,Tropical,"[11,10]",http://www.tropicopia.com/house-plant/thumbnails/5754.jpg
149,  Fish tail palm  ,Palmae,Palm,  India  ,Tropical,"[11,10]",http://www.tropicopia.com/house-plant/thumbnails/5510.jpg
150,"  Bamboo palm ,  Reed Palm  ",Arecaceae,Palm,  Mexico  ,Tropical,"[11,10]",http://www.tropicopia.com/house-plant/thumbnails/5526.jpg
151,  Janet Craig  ,Liliaceae,Dracaena,  Cultivar  ,Tropical,"[11,10]",http://www.tropicopia.com/house-plant/thumbnails/5558.jpg
152,"  Miniature fishtail ,  Steel palm  ",Arecaceae,Palm,  Mexico  ,Tropical,"[11,10]",http://www.tropicopia.com/house-plant/thumbnails/5522.jpg
153,  Orchid cactus  ,Cactaceae,Cactus & Succulent,  Hybrid  ,Tropical,"[11, 9]",http://www.tropicopia.com/house-plant/thumbnails/5591.jpg
154,"  Adonidia ,  Christmas palm ,  Manila palm  ",Arecaceae,Palm,  Philippines  ,Tropical,"[11,10]",http://www.tropicopia.com/house-plant/thumbnails/5778.jpg
155,  Variegated lily-turf  ,Liliaceae,Foliage plant,  Japan  ,Subtropical,"[11, 8]",http://www.tropicopia.com/house-plant/thumbnails/5655.jpg
156,  Janet Craig  ,Liliaceae,Dracaena,  Cultivar  ,Tropical,"[11,10]",http://www.tropicopia.com/house-plant/thumbnails/5557.jpg
157,"  Splitleaf Philodendron ,  Mexican Breadfruit  ",Araceae,Philodendron,  Central America  ,Tropical,"[11,10]",http://www.tropicopia.com/house-plant/thumbnails/5662.jpg
158,"  Elephant foot ,  Pony tail  ",Agavaceae,Foliage plant,  Mexico  ,Arid Tropical,"[11,10]",http://www.tropicopia.com/house-plant/thumbnails/5672.jpg
159,  Cretan brake  ,Pteridaceae,Fern,  Cultivar  ,Tropical humid,"[10,9]",http://www.tropicopia.com/house-plant/thumbnails/5719.jpg
160,  Peace lily  ,Liliaceae,Spathiphyllum,  Cultivar  ,Tropical,"[11,11]",http://www.tropicopia.com/house-plant/thumbnails/5765.jpg
161,  Silver vase  ,Bromeliaceae,Bromeliad,  Brazil  ,Tropical humid,[10],http://www.tropicopia.com/house-plant/thumbnails/5438.jpg
162,"  African fern pine ,  Buddhist pine  ",Podocarpaceae,Foliage plant,  Central Africa  ,Subtropical,"[11, 9]",http://www.tropicopia.com/house-plant/thumbnails/5699.jpg
163,  Indian kale  ,Araceae,Foliage plant,  Colombia  ,Tropical,"[11,10]",http://www.tropicopia.com/house-plant/thumbnails/5785.jpg
164,  English ivy  ,Araliaceae,Hanging,  Cultivar  ,Subtropical,"[11, 8]",http://www.tropicopia.com/house-plant/thumbnails/5638.jpg
165,  Fidleleaf fig  ,Moraceae,Ficus,  Ouest Africa  ,Tropical,"[11,10]",http://www.tropicopia.com/house-plant/thumbnails/5622.jpg
166,  Rubber plant  ,Moraceae,Ficus,  Cultivar  ,Tropical,"[11,10]",http://www.tropicopia.com/house-plant/thumbnails/5618.jpg
167,  Japanese Aralia  ,Araliaceae,Aralia,  Japan  ,Subtropical,"[11, 8]",http://www.tropicopia.com/house-plant/thumbnails/5603.jpg
168,"  Miniature fishtail ,  Steel palm  ",Arecaceae,Palm,  Mexico  ,Tropical,"[11,10]",http://www.tropicopia.com/house-plant/thumbnails/5524.jpg
169,  Chinese Evergreen  ,Araceae,Aglaonema,  Hybrid  ,Tropical,[11],http://www.tropicopia.com/house-plant/thumbnails/5459.jpg
170,"  Variegated Carabbean Agave ,  Century plant  ",Amaryllidaceae,Cactus & Succulent,  India  ,Tropical,"[10, 8]",http://www.tropicopia.com/house-plant/thumbnails/5442.jpg
171,  Chinese Evergreen  ,Araceae,Aglaonema,  Hybrid  ,Tropical,[11],http://www.tropicopia.com/house-plant/thumbnails/5464.jpg
172,  Elephant ear  ,Araceae,Other,  Hybrid  ,Tropical humid,[11],http://www.tropicopia.com/house-plant/thumbnails/5487.jpg
173,  Staghorn fern  ,Polypodiaceae,Fern,  Australia  ,Tropical,"[11, 9]",http://www.tropicopia.com/house-plant/thumbnails/5698.jpg
174,  Peace lily  ,Araceae,Spathiphyllum,  Cultivar  ,Tropical,"[11,10]",http://www.tropicopia.com/house-plant/thumbnails/5763.jpg
175,"  Variegated Balfour aralia ,  Aralia Balfouriana  ",Araliaceae,Aralia,  Cultivar  ,Tropical,"[11,10]",http://www.tropicopia.com/house-plant/thumbnails/5712.jpg
176,  Grass tree  ,Liliaceae,Other,  Australia  ,Arid Tropical,"[11, 9]",http://www.tropicopia.com/house-plant/thumbnails/5783.jpg
177,  Cast iron plant  ,Liliaceae,Foliage plant,  China  ,Subtropical,"[11, 7]",http://www.tropicopia.com/house-plant/thumbnails/5497.jpg
178,"  Hawaiian elf ,  Parasol plant  ",Araliaceae,Schefflera,  Taiwan  ,Tropical,"[11,10]",http://www.tropicopia.com/house-plant/thumbnails/5744.jpg
179,  Guzmania  ,Bromeliaceae,Bromeliad,  Cultivar  ,Tropical,"[11,10]",http://www.tropicopia.com/house-plant/thumbnails/5627.jpg
180,  Lipstick  ,Gesneriaceae,Hanging,  Java  ,Tropical,"[11, 9]",http://www.tropicopia.com/house-plant/thumbnails/5441.jpg
181,  Lady palm  ,Arecaceae,Palm,  China  ,Subtropical,"[11, 9]",http://www.tropicopia.com/house-plant/thumbnails/5723.jpg
182,  Velvet-leaf vine  ,Araceae,Philodendron,  Dominica  ,Tropical,"[11,10]",http://www.tropicopia.com/house-plant/thumbnails/5684.jpg
183,  Guzmania  ,Bromeliaceae,Bromeliad,  Cultivar  ,Tropical,"[11,10]",http://www.tropicopia.com/house-plant/thumbnails/5629.jpg
184,None,Orchidaceae,Flower,  Hybrid  ,Tropical humid,"[11,11]",http://www.tropicopia.com/house-plant/thumbnails/5680.jpg
185,  Rose grape  ,Melastomataceae,Flower,  Philippines  ,Tropical,[11],http://www.tropicopia.com/house-plant/thumbnails/5659.jpg
186,  Chinese Evergreen  ,Araceae,Aglaonema,  Hybrid  ,Tropical,[11],http://www.tropicopia.com/house-plant/thumbnails/5469.jpg
187,  Striped Dracaena  ,Liliaceae,Dracaena,  Africa  ,Tropical,"[11,10]",http://www.tropicopia.com/house-plant/thumbnails/5562.jpg
188,  Zz plant  ,Araceae,Foliage plant,  South Africa  ,Tropical,"[11,10]",http://www.tropicopia.com/house-plant/thumbnails/5790.jpg
189,  Creeping fig  ,Moraceae,Ficus,  Cultivar  ,Tropical,"[11,10]",http://www.tropicopia.com/house-plant/thumbnails/5626.jpg
190,  Spindle palm  ,Arecaceae,Palm,  Rodrigue Island  ,Tropical,"[11,11]",http://www.tropicopia.com/house-plant/thumbnails/5653.jpg
191,  Willow Ficus  ,Moraceae,Ficus,  Cultivar  ,Tropical,"[11,10]",http://www.tropicopia.com/house-plant/thumbnails/5624.jpg
192,  Fernleaf Philodendron  ,Araceae,Philodendron,  Venezuela  ,Tropical,"[11,10]",http://www.tropicopia.com/house-plant/thumbnails/5688.jpg
193,"  African evergreen ,  Arrowhead vine ,  Goosefoot plant  ",Araceae,Hanging,  Cultivar  ,Tropical humid,"[11,10]",http://www.tropicopia.com/house-plant/thumbnails/5771.jpg
194,  Golden Barrel  ,Cactaceae,Cactus & Succulent,  Central Mexico  ,Arid Tropical,"[11, 8]",http://www.tropicopia.com/house-plant/thumbnails/5590.jpg
195,  Madagascar dragon tree  ,Liliaceae,Dracaena,  Madagascar  ,Tropical,"[11,10]",http://www.tropicopia.com/house-plant/thumbnails/5571.jpg
196,  Parrot palm  ,Arecaceae,Palm,  Brazil  ,Tropical humid,"[11,10]",http://www.tropicopia.com/house-plant/thumbnails/5770.jpg
197,  Weeping fig  ,Moraceae,Ficus,  Cultivar  ,Tropical,"[11,9]",http://www.tropicopia.com/house-plant/thumbnails/5611.jpg
198,"  Bower plant ,  Bower of beauty  ",Bignoniaceae,Flower,  Australia  ,Subtropical,"[11, 9]",http://www.tropicopia.com/house-plant/thumbnails/5676.jpg
199,  Spindle palm  ,Arecaceae,Palm,  Rodrigue Island  ,Tropical,"[11,10]",http://www.tropicopia.com/house-plant/thumbnails/5652.jpg
200,  Stromante  ,Marantaceae,Foliage plant,  Brazil  ,Tropical,[11],http://www.tropicopia.com/house-plant/thumbnails/5508.jpg
201,  Chinese Evergreen  ,Araceae,Aglaonema,  Hybrid  ,Tropical,[11],http://www.tropicopia.com/house-plant/thumbnails/5461.jpg
202,  Yellow Malaysian Dracaena  ,Liliaceae,Dracaena,  India  ,Tropical,"[11,10]",http://www.tropicopia.com/house-plant/thumbnails/5582.jpg
203,"  Ming Aralia ,  Parsley panax  ",Araliaceae,Aralia,  Malaysia  ,Tropical,"[11,10]",http://www.tropicopia.com/house-plant/thumbnails/5705.jpg
204,  Holly-fern  ,Dryopteridaceae,Fern,  Asia  ,Subtropical,"[11, 8]",http://www.tropicopia.com/house-plant/thumbnails/5541.jpg
205,None,Sinopteridaceae,Fern,"  Australia ,  New Guinea  ",Tropical,"[10,11]",http://www.tropicopia.com/house-plant/thumbnails/5677.jpg
206,  Snake plant  ,Liliaceae,Sansevieria,  South Africa  ,Subtropical,"[11, 9]",http://www.tropicopia.com/house-plant/thumbnails/5729.jpg
207,  Fernleaf Philodendron  ,Araceae,Philodendron,  Venezuela  ,Tropical,"[11,10]",http://www.tropicopia.com/house-plant/thumbnails/5687.jpg
208,  Grape Ivy  ,Vitaceae,Hanging,"  Central America ,  South America  ",Tropical,"[11,10]",http://www.tropicopia.com/house-plant/thumbnails/5528.jpg
209,  Rubber plant  ,Moraceae,Ficus,  Cultivar  ,Tropical,"[11,10]",http://www.tropicopia.com/house-plant/thumbnails/5614.jpg
210,  Chinese Evergreen  ,Araceae,Aglaonema,  Hybrid  ,Tropical,[11],http://www.tropicopia.com/house-plant/thumbnails/5448.jpg
211,"  Boston fern ,  Sword fern  ",Nephrolepidaceae,Fern,  Cultivar  ,Tropical,"[11,10]",http://www.tropicopia.com/house-plant/thumbnails/5666.jpg
212,  Phrynium  ,Marantaceae,Foliage plant,  Brazil  ,Tropical,"[11,10]",http://www.tropicopia.com/house-plant/thumbnails/5538.jpg
213,  Chinese Evergreen  ,Araceae,Aglaonema,  Hybrid  ,Tropical,[11],http://www.tropicopia.com/house-plant/thumbnails/5467.jpg
214,None,Euphorbiaceae,Cactus & Succulent,  Guinea  ,Arid Tropical,"[11,10]",http://www.tropicopia.com/house-plant/thumbnails/5599.jpg
215,  Tree-Cereus  ,Cactaceae,Cactus & Succulent,  Brazil  ,Arid Tropical,"[11, 9]",http://www.tropicopia.com/house-plant/thumbnails/5513.jpg
216,  Yellow Malaysian Dracaena  ,Liliaceae,Dracaena,  India  ,Tropical,"[11,10]",http://www.tropicopia.com/house-plant/thumbnails/5583.jpg
217,  Chicken gizard aralia  ,Araliaceae,Aralia,  Malaysia  ,Tropical,"[11,10]",http://www.tropicopia.com/house-plant/thumbnails/5700.jpg
218,"  Fabian Aralia ,  Red Aralia  ",Araliaceae,Aralia,  Asia  ,Tropical,"[11,10]",http://www.tropicopia.com/house-plant/thumbnails/5713.jpg
219,"  Bougainvillia ,  Paper flower  ",Nyctaginaceae,Flower,  Cultivar  ,Tropical,[11],http://www.tropicopia.com/house-plant/thumbnails/5501.jpg
220,"  Green prayer plant ,  Herringbone  ",Marantaceae,Hanging,  Brazil  ,Tropical,"[11,10]",http://www.tropicopia.com/house-plant/thumbnails/5658.jpg
221,  Golden Pothos  ,Araceae,Topiairy,  South Pacific  ,Tropical,"[11,10]",http://www.tropicopia.com/house-plant/thumbnails/5595.jpg
222,  Chinese Evergreen  ,Araceae,Aglaonema,  Hybrid  ,Tropical,[11],http://www.tropicopia.com/house-plant/thumbnails/5471.jpg
223,  Chinese Evergreen  ,Araceae,Aglaonema,  Hybrid  ,Tropical,[11],http://www.tropicopia.com/house-plant/thumbnails/5463.jpg
224,  Tree-Cereus  ,Cactaceae,Cactus & Succulent,  Brazil  ,Arid Tropical,"[11, 9]",http://www.tropicopia.com/house-plant/thumbnails/5514.jpg
225,  Chinese Evergreen  ,Araceae,Aglaonema,  Hybrid  ,Tropical,[11],http://www.tropicopia.com/house-plant/thumbnails/5457.jpg
226,  Dumcane  ,Araceae,Dieffenbachia,  Hybrid  ,Tropical,"[11,10]",http://www.tropicopia.com/house-plant/thumbnails/5547.jpg
227,"  Dwarf bouquet ,  Calypso Queen  ",Liliaceae,Dracaena,,Tropical,"[11,10]",http://www.tropicopia.com/house-plant/thumbnails/5559.jpg
228,None,Euphorbiaceae,Cactus & Succulent,  Guinea  ,Arid Tropical,"[11,10]",http://www.tropicopia.com/house-plant/thumbnails/5600.jpg
229,  Dumcane  ,Araceae,Dieffenbachia,  Hybrid  ,Tropical,"[11,10]",http://www.tropicopia.com/house-plant/thumbnails/5551.jpg
230,  Spiny licuala palm  ,Arecaceae,Palm,  Malaysia  ,Tropical,"[11,10]",http://www.tropicopia.com/house-plant/thumbnails/5654.jpg
231,  Croton  ,Euphorbiaceae,Foliage plant,  Cultivar  ,Tropical,"[11,10]",http://www.tropicopia.com/house-plant/thumbnails/5531.jpg
232,  Peace lily  ,Araceae,Spathiphyllum,  Cultivar  ,Tropical,"[11,10]",http://www.tropicopia.com/house-plant/thumbnails/5760.jpg
233,  Chinese Evergreen  ,Araceae,Aglaonema,  Hybrid  ,Tropical,[11],http://www.tropicopia.com/house-plant/thumbnails/5447.jpg
234,  Guzmania  ,Bromeliaceae,Bromeliad,  Cultivar  ,Tropical,"[11,10]",http://www.tropicopia.com/house-plant/thumbnails/5631.jpg
235,  Lacy tree-philodendron  ,Araceae,Philodendron,  Brazil  ,Tropical,"[11,10]",http://www.tropicopia.com/house-plant/thumbnails/5692.jpg
236,"  Fabian Aralia ,  Red Aralia  ",Araliaceae,Aralia,  Asia  ,Tropical,"[11,21]",http://www.tropicopia.com/house-plant/thumbnails/5715.jpg
237,  English ivy  ,Araliaceae,Topiairy,  Cultivar  ,Subtropical,"[11, 8]",http://www.tropicopia.com/house-plant/thumbnails/5637.jpg
238,  White Pothos  ,Araceae,Hanging,  Cultivar  ,Tropical,"[11,10]",http://www.tropicopia.com/house-plant/thumbnails/5596.jpg
239,  Chinese Evergreen  ,Araceae,Aglaonema,  Hybrid  ,Tropical,[11],http://www.tropicopia.com/house-plant/thumbnails/5483.jpg
240,"  Splitleaf Philodendron ,  Mexican Breadfruit  ",Araceae,Philodendron,  Central America  ,Tropical,"[11,10]",http://www.tropicopia.com/house-plant/thumbnails/5661.jpg
241,  Peace lily  ,Araceae,Spathiphyllum,  Cultivar  ,Tropical,"[11,10]",http://www.tropicopia.com/house-plant/thumbnails/5764.jpg
242,  Umbella plant  ,Araliaceae,Schefflera,  Cultivar  ,Tropical,"[11,10]",http://www.tropicopia.com/house-plant/thumbnails/5738.jpg
243,"  Hawaiian elf ,  Parasol plant  ",Araliaceae,Schefflera,  Cultivar  ,Tropical,"[11,11]",http://www.tropicopia.com/house-plant/thumbnails/5748.jpg
244,  Weeping fig  ,Moraceae,Ficus,  Cultivar  ,Tropical,"[11,10]",http://www.tropicopia.com/house-plant/thumbnails/5605.jpg
245,  Rubber plant  ,Moraceae,Ficus,  Cultivar  ,Tropical,"[11,10]",http://www.tropicopia.com/house-plant/thumbnails/5613.jpg
246," ""Rabbit s foot"", ""Squirrel s foot"" ",Davalliaceae,Fern,  Canaries  ,Tropical,"[11,10]",http://www.tropicopia.com/house-plant/thumbnails/5542.jpg
247,"  Spineless yucca ,  Palm lily  ",Liliaceae,Dracaena,  Mexico  ,Subtropical,"[11, 9]",http://www.tropicopia.com/house-plant/thumbnails/5787.jpg
248,  Croton  ,Euphorbiaceae,Foliage plant,  Cultivar  ,Tropical,"[11,10]",http://www.tropicopia.com/house-plant/thumbnails/5533.jpg
249,  Lisa Dracaena  ,Liliaceae,Dracaena,  Cultivar  ,Tropical,"[11,10]",http://www.tropicopia.com/house-plant/thumbnails/5561.jpg
250,"  Bella palm ,  Neanthebella palm ,  Dwarf palm ,  Parlor palm  ",Arecaceae,Palm,  Mexico  ,Tropical,"[11,10]",http://www.tropicopia.com/house-plant/thumbnails/5517.jpg
251,"  Rosy Maidenhair ,  Autralian maidenhair  ",Polypodiaceae,Fern,"  Australia ,  New Guinea  ",Tropical,"[10, 8]",http://www.tropicopia.com/house-plant/thumbnails/5436.jpg
252,  Yellow Malaysian Dracaena  ,Liliaceae,Dracaena,  India  ,Tropical,"[11,10]",http://www.tropicopia.com/house-plant/thumbnails/5580.jpg
253,  Majesty palm  ,Arecaceae,Palm,  Madagascar  ,Tropical,"[11,10]",http://www.tropicopia.com/house-plant/thumbnails/5722.jpg
254,None,Bromeliaceae,Bromeliad,  Cultivar  ,Tropical,"[11,10]",http://www.tropicopia.com/house-plant/thumbnails/5664.jpg
255,  Chinese Evergreen  ,Araceae,Aglaonema,  Hybrid  ,Tropical,[11],http://www.tropicopia.com/house-plant/thumbnails/5451.jpg
256,  Umbella plant  ,Araliaceae,Schefflera,  Cultivar  ,Tropical,"[11,10]",http://www.tropicopia.com/house-plant/thumbnails/5740.jpg
257,  Chinese Evergreen  ,Araceae,Aglaonema,  Hybrid  ,Tropical,[11],http://www.tropicopia.com/house-plant/thumbnails/5472.jpg
258,  Lady palm  ,Arecaceae,Palm,  China  ,Subtropical,"[11, 9]",http://www.tropicopia.com/house-plant/thumbnails/5821.jpg
259,"  Algerian ivy ,  Montgomery ivy  ",Araliaceae,Hanging,  Canaries  ,Subtropical,"[11, 8]",http://www.tropicopia.com/house-plant/thumbnails/5633.jpg
260,  Cornstalk plant  ,Liliaceae,Dracaena,  Cultivar  ,Tropical,"[11,10]",http://www.tropicopia.com/house-plant/thumbnails/5567.jpg
261,  Weeping fig  ,Moraceae,Ficus,  Cultivar  ,Tropical,"[11,9]",http://www.tropicopia.com/house-plant/thumbnails/5608.jpg
262,  Red Philodendron  ,Araceae,Philodendron,  Cultivar  ,Tropical,"[11,10]",http://www.tropicopia.com/house-plant/thumbnails/5683.jpg
263,None,Orchidaceae,Flower,  Hybrid  ,Tropical humid,"[11,12]",http://www.tropicopia.com/house-plant/thumbnails/5681.jpg
264,  Snake plant  ,Liliaceae,Sansevieria,  South Africa  ,Tropical,"[11,10]",http://www.tropicopia.com/house-plant/thumbnails/5734.jpg
265,"  Hawaiian elf ,  Parasol plant  ",Araliaceae,Schefflera,  Taiwan  ,Tropical,"[11,11]",http://www.tropicopia.com/house-plant/thumbnails/5746.jpg
266,"  Bougainvillia ,  Paper flower  ",Nyctaginaceae,Flower,  Cultivar  ,Tropical,[13],http://www.tropicopia.com/house-plant/thumbnails/5503.jpg
267,"  Spineless yucca ,  Palm lily  ",Liliaceae,Dracaena,  Mexico  ,Subtropical,"[11, 9]",http://www.tropicopia.com/house-plant/thumbnails/5786.jpg
268,  Phrynium  ,Marantaceae,Foliage plant,  Brazil  ,Tropical,"[11,10]",http://www.tropicopia.com/house-plant/thumbnails/5539.jpg
269,  Dumcane  ,Araceae,Dieffenbachia,  Cultivar  ,Tropical,"[11,10]",http://www.tropicopia.com/house-plant/thumbnails/5545.jpg
270,"  Ming Aralia ,  Parsley panax  ",Araliaceae,Aralia,  Malaysia  ,Tropical,"[11,9]",http://www.tropicopia.com/house-plant/thumbnails/5703.jpg
271,None,Bromeliaceae,Bromeliad,  Hybrid  ,Tropical humid,"[11,10]",http://www.tropicopia.com/house-plant/thumbnails/5775.jpg
272,"  Parlor ivy ,  Sweetheart plant ,  Heartleaf philodendron ,  Cordatum vine  ",Araceae,Philodendron,  Central America  ,Tropical,"[11,10]",http://www.tropicopia.com/house-plant/thumbnails/5689.jpg
273,  Peace lily  ,Araceae,Spathiphyllum,  Cultivar  ,Tropical,"[11,10]",http://www.tropicopia.com/house-plant/thumbnails/5761.jpg
274,  Cornstalk plant  ,Liliaceae,Dracaena,  Cultivar  ,Tropical,"[11,10]",http://www.tropicopia.com/house-plant/thumbnails/5568.jpg
275,  Spider plant  ,Liliaceae,Hanging,  Central Africa  ,Tropical to subtropical,"[11, 9]",http://www.tropicopia.com/house-plant/thumbnails/5527.jpg
276,  Lime philodendron  ,Araceae,Philodendron,  Cultivar  ,Tropical,"[11,10]",http://www.tropicopia.com/house-plant/thumbnails/5685.jpg
277,  Madagascar dragon tree  ,Liliaceae,Dracaena,  Madagascar  ,Tropical,"[11,10]",http://www.tropicopia.com/house-plant/thumbnails/5569.jpg
278,  Peace lily  ,Araceae,Spathiphyllum,  Cultivar  ,Tropical,"[11,11]",http://www.tropicopia.com/house-plant/thumbnails/5762.jpg
279,  Malaysian Dracaena  ,Liliaceae,Dracaena,  Cultivar  ,Tropical,"[11,10]",http://www.tropicopia.com/house-plant/thumbnails/5584.jpg
280,None,Bromeliaceae,Bromeliad,  Cultivar  ,Tropical,"[11,10]",http://www.tropicopia.com/house-plant/thumbnails/5537.jpg
281,  Snake plant  ,Liliaceae,Sansevieria,  South Africa  ,Tropical,"[11,10]",http://www.tropicopia.com/house-plant/thumbnails/5732.jpg
282,  Monster cactus  ,Cactaceae,Cactus & Succulent,  Brazil  ,Arid Tropical,"[11, 9]",http://www.tropicopia.com/house-plant/thumbnails/5516.jpg
283,  Peace lily  ,Araceae,Spathiphyllum,  Cultivar  ,Tropical,"[11,10]",http://www.tropicopia.com/house-plant/thumbnails/5759.jpg
284,None,Araceae,Philodendron,  Cultivar  ,Tropical,"[11,10]",http://www.tropicopia.com/house-plant/thumbnails/5695.jpg
285,  Burro-tail  ,Crasssulaceae,Ground Cover,  Mexico  ,Arid Tropical,"[11, 9]",http://www.tropicopia.com/house-plant/thumbnails/5755.jpg
286,  Rubber plant  ,Moraceae,Ficus,  Cultivar  ,Tropical,"[11,10]",http://www.tropicopia.com/house-plant/thumbnails/5619.jpg
287,None,Bromeliaceae,Bromeliad,  Cultivar  ,Tropical,"[11,10]",http://www.tropicopia.com/house-plant/thumbnails/5780.jpg
288,  Coral berry  ,Bromeliaceae,Bromeliad,  Brazil  ,Subtropical,[10],http://www.tropicopia.com/house-plant/thumbnails/5439.jpg
289,None,Bromeliaceae,Bromeliad,  Cultivar  ,Tropical,"[11,10]",http://www.tropicopia.com/house-plant/thumbnails/5663.jpg
290,"  Hawaiian elf ,  Parasol plant  ",Araliaceae,Schefflera,  Taiwan  ,Tropical,"[11,10]",http://www.tropicopia.com/house-plant/thumbnails/5743.jpg
291,  Silver vase  ,Bromeliaceae,Bromeliad,  Hybrid  ,Tropical humid,[10],http://www.tropicopia.com/house-plant/thumbnails/5440.jpg
292,  China doll  ,Bignoniaceae,Other,  China  ,Subtropical,"[11, 9]",http://www.tropicopia.com/house-plant/thumbnails/5721.jpg
293,  Fidleleaf fig  ,Moraceae,Ficus,  Ouest Africa  ,Tropical,"[11,10]",http://www.tropicopia.com/house-plant/thumbnails/5621.jpg
294,  Grass tree  ,Liliaceae,Other,  Australia  ,Arid Tropical,"[11, 9]",http://www.tropicopia.com/house-plant/thumbnails/5784.jpg
295,  White Pothos  ,Araceae,Hanging,  Cultivar  ,Tropical,"[11,10]",http://www.tropicopia.com/house-plant/thumbnails/5597.jpg
296,  Striped Dracaena  ,Liliaceae,Dracaena,  Africa  ,Tropical,"[11,10]",http://www.tropicopia.com/house-plant/thumbnails/5564.jpg
297,"  Areca palm ,  Butterfly palm  ",Arecaceae,Palm,  Madagascar  ,Tropical,"[11,10]",http://www.tropicopia.com/house-plant/thumbnails/5588.jpg
298,  Striped Dracaena  ,Liliaceae,Dracaena,  Cultivar  ,Tropical,"[11,10]",http://www.tropicopia.com/house-plant/thumbnails/5560.jpg
299,"  Bird nest Anthurium ,  Cabbage Anthurium  ",Araceae,Anthurium,  Costa rica  ,Tropical,[11],http://www.tropicopia.com/house-plant/thumbnails/5494.jpg
300,  Golden Pothos  ,Araceae,Hanging,  South Pacific  ,Tropical,"[11,10]",http://www.tropicopia.com/house-plant/thumbnails/5594.jpg
301,"  Miniature treefern ,  Dwarf treefern  ",Polypodiaceae,Fern,  New Calidonia  ,Tropical humid,"[11,10]",http://www.tropicopia.com/house-plant/thumbnails/5500.jpg
302,"  Yellow Hawaiian elf ,  Yellow parasol plant  ",Araliaceae,Schefflera,  Cultivar  ,Tropical,"[11,10]",http://www.tropicopia.com/house-plant/thumbnails/5751.jpg
303,"  Areca palm ,  Butterfly palm  ",Arecaceae,Palm,  Madagascar  ,Tropical,"[11,10]",http://www.tropicopia.com/house-plant/thumbnails/5589.jpg
304,  Tree Maindenhair fern  ,Dryopteridaceae,Fern,,Tropical humid,"[11, 9]",http://www.tropicopia.com/house-plant/thumbnails/5543.jpg
305,  Umbella plant  ,Araliaceae,Schefflera,  Cultivar  ,Tropical,"[11,10]",http://www.tropicopia.com/house-plant/thumbnails/5739.jpg
306,  English ivy  ,Araliaceae,Topiairy,  Cultivar  ,Subtropical,"[11, 8]",http://www.tropicopia.com/house-plant/thumbnails/5636.jpg
307,  English ivy  ,Araliaceae,Topiairy,  Cultivar  ,Subtropical,"[11, 8]",http://www.tropicopia.com/house-plant/thumbnails/5635.jpg
308,"  Buttrefly Ginger ,  White Ginger  ",Zingiberaceae,Flower,  China  ,Subtropical,"[11, 8]",http://www.tropicopia.com/house-plant/thumbnails/5642.jpg
309,"  Paper Flower ,  Bougainvillia  ",Nyctaginaceae,Flower,  Cultivar  ,Tropical,[10],http://www.tropicopia.com/house-plant/thumbnails/5502.jpg
310,  Golden Trumpet  ,Apocynaceae,Flower,  Brazil  ,Tropical,"[11, 9]",http://www.tropicopia.com/house-plant/thumbnails/5484.jpg
311,  Birdnest fern  ,Aspleniaceae,Fern,  Asia  ,Tropical humid,"[11,10]",http://www.tropicopia.com/house-plant/thumbnails/5499.jpg
312,  Tricolor Peperomia  ,Piperaceae,Other,  Cultivar  ,Tropical,"[11,10]",http://www.tropicopia.com/house-plant/thumbnails/5678.jpg
313,  Snake plant  ,Liliaceae,Sansevieria,  South Africa  ,Subtropical,"[11, 9]",http://www.tropicopia.com/house-plant/thumbnails/5730.jpg
314,None,Araceae,Foliage plant,  Cultivar  ,Tropical,"[11,10]",http://www.tropicopia.com/house-plant/thumbnails/5647.jpg
315,  Janet Craig  ,Liliaceae,Dracaena,  Cultivar  ,Tropical,"[11,10]",http://www.tropicopia.com/house-plant/thumbnails/5555.jpg
316,"  Balfour aralia ,  Aralia Balfouriana  ",Araliaceae,Aralia,  Cultivar  ,Tropical,"[11,10]",http://www.tropicopia.com/house-plant/thumbnails/5707.jpg
317,  Velvet Calathea  ,Marantaceae,Foliage plant,  Brazil  ,Tropical,[11],http://www.tropicopia.com/house-plant/thumbnails/5507.jpg
318,  Madagascar dragon tree  ,Liliaceae,Dracaena,  Madagascar  ,Tropical,"[11,10]",http://www.tropicopia.com/house-plant/thumbnails/5570.jpg
319,  Tree-Cereus  ,Cactaceae,Cactus & Succulent,  Brazil  ,Arid Tropical,"[11, 9]",http://www.tropicopia.com/house-plant/thumbnails/5515.jpg
320,"  Elephant foot ,  Pony tail  ",Agavaceae,Foliage plant,  Mexico  ,Arid Tropical,"[11,10]",http://www.tropicopia.com/house-plant/thumbnails/5671.jpg
321,"  Hawaiian elf ,  Parasol plant  ",Araliaceae,Schefflera,  Taiwan  ,Tropical,"[11,10]",http://www.tropicopia.com/house-plant/thumbnails/5745.jpg
322,  Dumcane  ,Araceae,Dieffenbachia,  Hybrid  ,Tropical,"[11,10]",http://www.tropicopia.com/house-plant/thumbnails/5548.jpg
323,  Variegated Euphorbia  ,Euphorbiaceae,Cactus & Succulent,  Africa  ,Arid Tropical,"[11,10]",http://www.tropicopia.com/house-plant/thumbnails/5598.jpg
324,  Chinese hibiscus  ,Malvaceae,Flower,  Asia  ,Tropical,"[11,11]",http://www.tropicopia.com/house-plant/thumbnails/5644.jpg
325,"  Boston fern ,  Sword fern  ",Nephrolepidaceae,Fern,  Cultivar  ,Tropical,"[11,10]",http://www.tropicopia.com/house-plant/thumbnails/5667.jpg
326,  Silver Ribbon Fern  ,Pteridaceae,Fern,  Cultivar  ,Tropical humid,"[10,9]",http://www.tropicopia.com/house-plant/thumbnails/5718.jpg
327,  White bird of paradise  ,Strelitziaceae,Foliage plant,  South Africa  ,Subtropical,"[11, 9]",http://www.tropicopia.com/house-plant/thumbnails/5767.jpg
328,  Chinese Evergreen  ,Araceae,Aglaonema,  Hybrid  ,Tropical,[11],http://www.tropicopia.com/house-plant/thumbnails/5460.jpg
329,"  Hawaiian elf ,  Parasol plant  ",Araliaceae,Schefflera,  Cultivar  ,Tropical,"[11,10]",http://www.tropicopia.com/house-plant/thumbnails/5750.jpg
330,  Croton  ,Euphorbiaceae,Foliage plant,  Cultivar  ,Tropical,"[11,10]",http://www.tropicopia.com/house-plant/thumbnails/5534.jpg
331,None,Bromeliaceae,Bromeliad,  Cultivar  ,Tropical,"[11,10]",http://www.tropicopia.com/house-plant/thumbnails/5665.jpg
332,"  Sago palm ,  King sago  ",Cycadaceae,Palm,  Japan  ,Subtropical,"[11, 9]",http://www.tropicopia.com/house-plant/thumbnails/5540.jpg
333,  Snake plant  ,Liliaceae,Sansevieria,  South Africa  ,Tropical,"[11,10]",http://www.tropicopia.com/house-plant/thumbnails/5733.jpg
334,  Jade Plant  ,Crasssulaceae,Cactus & Succulent,  South Africa  ,Subtropical arid,"[11, 8]",http://www.tropicopia.com/house-plant/thumbnails/5535.jpg
335,  Pignee Date palm  ,Palmae,Palm,  Vietnam  ,Tropical,"[11,10]",http://www.tropicopia.com/house-plant/thumbnails/5697.jpg
336,"  Lilliput Agave ,  Century plant  ",Amaryllidaceae,Cactus & Succulent,  Mexico  ,Arid Tropical,"[10, 8]",http://www.tropicopia.com/house-plant/thumbnails/5445.jpg
337,  Chinese Evergreen  ,Araceae,Aglaonema,  Hybrid  ,Tropical,[11],http://www.tropicopia.com/house-plant/thumbnails/5465.jpg
338,  Snake plant  ,Liliaceae,Sansevieria,  South Africa  ,Subtropical,"[11, 9]",http://www.tropicopia.com/house-plant/thumbnails/5727.jpg
339,"  Bella palm ,  Neanthebella palm ,  Dwarf palm ,  Parlor palm  ",Arecaceae,Palm,  Mexico  ,Tropical,"[11,10]",http://www.tropicopia.com/house-plant/thumbnails/5520.jpg
340,  Snake plant  ,Liliaceae,Sansevieria,  South Africa  ,Subtropical,"[11, 9]",http://www.tropicopia.com/house-plant/thumbnails/5728.jpg
341,  Dumcane  ,Araceae,Dieffenbachia,  Hybrid  ,Tropical,"[11,10]",http://www.tropicopia.com/house-plant/thumbnails/5552.jpg
342,  Medallion Calathea  ,Marantaceae,Foliage plant,  Hybrid  ,Tropical,[11],http://www.tropicopia.com/house-plant/thumbnails/5509.jpg
343,  Japanese tassel fern  ,Dryopteridaceae,Fern,  Japan  ,Subtropical,"[10, 6]",http://www.tropicopia.com/house-plant/thumbnails/5716.jpg
344,  Willow fig tree  ,Moraceae,Ficus,  Cultivar  ,Tropical,"[11,9]",http://www.tropicopia.com/house-plant/thumbnails/5625.jpg
345,"  Ming Aralia ,  Parsley panax  ",Araliaceae,Aralia,  Malaysia  ,Tropical,"[11,10]",http://www.tropicopia.com/house-plant/thumbnails/5704.jpg
346,  Golden Pothos  ,Araceae,Hanging,  South Pacific  ,Tropical,"[11,10]",http://www.tropicopia.com/house-plant/thumbnails/5593.jpg
347,"  Thread Agave ,  Century plant  ",Amaryllidaceae,Cactus & Succulent,  Mexico  ,Arid Tropical,"[10, 8]",http://www.tropicopia.com/house-plant/thumbnails/5444.jpg
348,  Chicken gizard aralia  ,Araliaceae,Aralia,  Malaysia  ,Tropical,"[11,10]",http://www.tropicopia.com/house-plant/thumbnails/5702.jpg
349,  Chinese Evergreen  ,Araceae,Aglaonema,  Hybrid  ,Tropical,[11],http://www.tropicopia.com/house-plant/thumbnails/5476.jpg
350,  Chinese Evergreen  ,Araceae,Aglaonema,  Hybrid  ,Tropical,[11],http://www.tropicopia.com/house-plant/thumbnails/5470.jpg
351,  Chinese Evergreen  ,Araceae,Aglaonema,  Hybrid  ,Tropical,[11],http://www.tropicopia.com/house-plant/thumbnails/5474.jpg
352,  Silver Calathea  ,Marantaceae,Foliage plant,  Cultivar  ,Tropical,[12],http://www.tropicopia.com/house-plant/thumbnails/5506.jpg
353,  Rubber plant  ,Moraceae,Ficus,  Cultivar  ,Tropical,"[11,10]",http://www.tropicopia.com/house-plant/thumbnails/5617.jpg
354,"  Blue Agave ,  Century plant  ",Amaryllidaceae,Cactus & Succulent,  Mexico  ,Arid Tropical,"[10, 8]",http://www.tropicopia.com/house-plant/thumbnails/5446.jpg
